Model,RMSE,R2
Linear Regression,39385.189721289025,0.014836511540058717
Random Forest,34002.94526324289,0.265696671334266
XGBoost,34946.84951203676,0.22436306079470036
